{
  "dependencies": {
    "appInsights1": {
      "resourceId": "/subscriptions/[parameters('subscriptionId')]/resourceGroups/[parameters('resourceGroupName')]/providers/microsoft.insights/components/st10393280-cloudpoe",
      "type": "appInsights.azure",
      "connectionId": "APPLICATIONINSIGHTS_CONNECTION_STRING"
    },
    "storage1": {
      "resourceId": "/subscriptions/[parameters('subscriptionId')]/resourceGroups/[parameters('resourceGroupName')]/providers/Microsoft.Storage/storageAccounts/customerdetails001",
      "type": "storage.azure",
      "connectionId": "AzureWebJobsStorage"
    }
  }
}